{
    "n_estimators": 10,
    "max_depth": 3,
    "learning_rate": 0.3,
    "prune_gamma": 0.0,
    "reg_lambda": 0.0,
    "base_score": 0.5,
    "models": [
        {
            "fid": 1,
            "split_point": 89.66492673659627,
            "gain": 5.648160965794759,
            "left": {
                "fid": 0,
                "split_point": 21.97453120405858,
                "gain": 5.3106163960198245,
                "left": {
                    "fid": 3,
                    "split_point": 805.6124503580672,
                    "gain": 1.7894736842105257,
                    "left": -2.0,
                    "right": 0.0
                },
                "right": {
                    "fid": 0,
                    "split_point": 25.65274701790392,
                    "gain": 4.078105118358451,
                    "left": -0.1,
                    "right": -0.7671232876712328
                }
            },
            "right": {
                "fid": 0,
                "split_point": 23.310668082719722,
                "gain": 0.0,
                "left": 2.0,
                "right": {
                    "fid": 0,
                    "split_point": 27.06727150017713,
                    "gain": 0.0,
                    "left": 2.0,
                    "right": 2.0
                }
            }
        },
        {
            "fid": 0,
            "split_point": 21.97453120405858,
            "gain": 3.2729982009359873,
            "left": {
                "fid": 3,
                "split_point": 805.6124503580672,
                "gain": 1.06278103673319,
                "left": {
                    "fid": 0,
                    "split_point": 20.317511029094632,
                    "gain": 1.7763568394002505e-15,
                    "left": -1.5488116360940265,
                    "right": -1.5488116360940265
                },
                "right": {
                    "fid": 0,
                    "split_point": 21.115169696709756,
                    "gain": 2.0,
                    "left": -2.0,
                    "right": 2.0
                }
            },
            "right": {
                "fid": 1,
                "split_point": 42.77842838682396,
                "gain": 3.055959631098901,
                "left": {
                    "fid": 1,
                    "split_point": 41.06351265244609,
                    "gain": 8.781473449988097,
                    "left": -1.364507434823997,
                    "right": 1.1490136742613262
                },
                "right": {
                    "fid": 1,
                    "split_point": 45.709860423470815,
                    "gain": 4.1073002269334395,
                    "left": -1.3228000142606844,
                    "right": -0.4839154655093966
                }
            }
        },
        {
            "fid": 3,
            "split_point": 995.0525552759207,
            "gain": 3.1571026935098274,
            "left": {
                "fid": 1,
                "split_point": 89.66492673659627,
                "gain": 2.954744797910852,
                "left": {
                    "fid": 1,
                    "split_point": 57.48639563373981,
                    "gain": 3.1459793222702253,
                    "left": -0.19646036697289618,
                    "right": -0.534026187832721
                },
                "right": {
                    "fid": 0,
                    "split_point": 23.310668082719722,
                    "gain": 0.0,
                    "left": 1.6345587773966628,
                    "right": 1.6345587773966628
                }
            },
            "right": {
                "fid": 0,
                "split_point": 30.453397094088544,
                "gain": 3.106890025007163,
                "left": -1.6870751349817823,
                "right": {
                    "fid": 0,
                    "split_point": 38.91040436490682,
                    "gain": 0.0,
                    "left": 2.4554448983611006,
                    "right": 2.4554448983611006
                }
            }
        },
        {
            "fid": 0,
            "split_point": 21.97453120405858,
            "gain": 2.635953089018395,
            "left": {
                "fid": 3,
                "split_point": 805.6124503580672,
                "gain": 0.8636714645538737,
                "left": {
                    "fid": 1,
                    "split_point": 58.45900335047865,
                    "gain": 0.0006805869747799065,
                    "left": -1.325113280850805,
                    "right": -1.293801371480503
                },
                "right": {
                    "fid": 0,
                    "split_point": 21.115169696709756,
                    "gain": 1.0999765612317356,
                    "left": -1.4675692296753509,
                    "right": 1.6441703020562997
                }
            },
            "right": {
                "fid": 0,
                "split_point": 23.09481417255791,
                "gain": 2.9733619782604865,
                "left": {
                    "fid": 2,
                    "split_point": 35.99371504056149,
                    "gain": 4.012281283736418,
                    "left": -0.04885988057842397,
                    "right": 2.3984751941063465
                },
                "right": {
                    "fid": 2,
                    "split_point": 36.55212835318455,
                    "gain": 3.499045578016977,
                    "left": -0.1953886868103183,
                    "right": -0.6689853442121589
                }
            }
        },
        {
            "fid": 0,
            "split_point": 78.34377912420219,
            "gain": 2.6101118320630112,
            "left": {
                "fid": 0,
                "split_point": 77.26381572997344,
                "gain": 3.1784951702333197,
                "left": {
                    "fid": 0,
                    "split_point": 71.87838714951587,
                    "gain": 4.323984562338357,
                    "left": -0.26463825811347463,
                    "right": 0.37916473283280105
                },
                "right": {
                    "fid": 3,
                    "split_point": 866.9922823721689,
                    "gain": 1.1608110187737868,
                    "left": -1.5289868777761066,
                    "right": -0.051977761878101165
                }
            },
            "right": {
                "fid": 1,
                "split_point": 65.00459438684373,
                "gain": 6.080238087176254,
                "left": {
                    "fid": 0,
                    "split_point": 79.14954553800415,
                    "gain": 6.160384418460924,
                    "left": 2.723062203665928,
                    "right": -1.585978837662535
                },
                "right": {
                    "fid": 2,
                    "split_point": 30.634436299066444,
                    "gain": 0.012701466342260659,
                    "left": 2.811465322776737,
                    "right": 3.088017571736618
                }
            }
        },
        {
            "fid": 2,
            "split_point": 19.503230674969693,
            "gain": 2.108876781178422,
            "left": {
                "fid": 2,
                "split_point": 18.81192247650944,
                "gain": 6.006937795533141,
                "left": {
                    "fid": 1,
                    "split_point": 71.24486883248228,
                    "gain": 7.023775881858172,
                    "left": 0.30936350152551373,
                    "right": -1.1075268503191544
                },