{
    "n_estimators": 10,
    "max_depth": 3,
    "learning_rate": 0.3,
    "prune_gamma": 0.0,
    "reg_lambda": 0.0,
    "base_score": 0.5,
    "models": [
        {
            "fid": 1,
            "split_point": 40.99454338830226,
            "gain": 8.827349593495939,
            "left": {
                "fid": 2,
                "split_point": 22.070160376280057,
                "gain": 0.833333333333333,
                "left": {
                    "fid": 0,
                    "split_point": 56.18635393450684,
                    "gain": 2.6666666666666665,
                    "left": -2.0,
                    "right": 2.0
                },
                "right": {
                    "fid": 0,
                    "split_point": 25.99470557048235,
                    "gain": 0.0,
                    "left": 2.0,
                    "right": 2.0
                }
            },
            "right": {
                "fid": 1,
                "split_point": 53.04218694327794,
                "gain": 8.684963843006152,
                "left": {
                    "fid": 0,
                    "split_point": 30.51924241069214,
                    "gain": 4.369423131571466,
                    "left": -0.4444444444444444,
                    "right": -1.2549019607843137
                },
                "right": {
                    "fid": 2,
                    "split_point": 36.99986333451366,
                    "gain": 9.143858777757082,
                    "left": -0.5650793650793651,
                    "right": 0.46153846153846156
                }
            }
        },
        {
            "fid": 3,
            "split_point": 896.681009716067,
            "gain": 5.682761753983392,
            "left": {
                "fid": 1,
                "split_point": 40.99454338830226,
                "gain": 5.062994187212009,
                "left": {
                    "fid": 2,
                    "split_point": 22.070160376280057,
                    "gain": 0.4573430300783561,
                    "left": 0.5162705453646756,
                    "right": 1.5488116360940267
                },
                "right": {
                    "fid": 0,
                    "split_point": 20.665738887431523,
                    "gain": 4.434846527675255,
                    "left": 1.3629892597218203,
                    "right": -0.537200343667468
                }
            },
            "right": {
                "fid": 2,
                "split_point": 35.67108154617594,
                "gain": 6.107960924181158,
                "left": {
                    "fid": 0,
                    "split_point": 24.825755523645146,
                    "gain": 3.9741708803013873,
                    "left": 2.170678370300371,
                    "right": -0.22212722377379926
                },
                "right": {
                    "fid": 2,
                    "split_point": 37.008492761504826,
                    "gain": 0.034994669138603385,
                    "left": 2.1847405548057606,
                    "right": 1.8706967389612317
                }
            }
        },
        {
            "fid": 2,
            "split_point": 39.91823020268066,
            "gain": 4.065392439294149,
            "left": {
                "fid": 3,
                "split_point": 745.2645191743864,
                "gain": 3.226597983265078,
                "left": {
                    "fid": 2,
                    "split_point": 15.95543057604998,
                    "gain": 3.171886001003452,
                    "left": 0.49845358300372744,
                    "right": -0.45663658249442785
                },
                "right": {
                    "fid": 0,
                    "split_point": 78.16661490150973,
                    "gain": 4.967433047136233,
                    "left": -0.14013519213949072,
                    "right": 1.609292278785399
                }
            },
            "right": {
                "fid": 0,
                "split_point": 42.76124090685751,
                "gain": 0.0,
                "left": 2.0229581373121697,
                "right": {
                    "fid": 0,
                    "split_point": 66.80217581856881,
                    "gain": 0.0,
                    "left": 2.0229581373121697,
                    "right": 2.0229581373121697
                }
            }
        },
        {
            "fid": 1,
            "split_point": 53.04218694327794,
            "gain": 3.0787770999018678,
            "left": {
                "fid": 1,
                "split_point": 40.99454338830226,
                "gain": 4.058729136230441,
                "left": {
                    "fid": 3,
                    "split_point": 427.39821663546377,
                    "gain": 0.41235889629093303,
                    "left": 1.4269067086715115,
                    "right": 0.41659777590236985
                },
                "right": {
                    "fid": 0,
                    "split_point": 78.7703485572595,
                    "gain": 2.7813001660932013,
                    "left": -0.576188106485408,
                    "right": 2.9632900562273554
                }
            },
            "right": {
                "fid": 3,
                "split_point": 109.16329791508323,
                "gain": 3.494835380432167,
                "left": {
                    "fid": 0,
                    "split_point": 52.14958146097582,
                    "gain": 0.0,
                    "left": 2.5962783480678633,
                    "right": 2.5962783480678633
                },
                "right": {
                    "fid": 3,
                    "split_point": 219.7020903210065,
                    "gain": 4.887151124853398,
                    "left": -0.7504660098256686,
                    "right": -0.034618976111683825
                }
            }
        },
        {
            "fid": 3,
            "split_point": 995.0525552759207,
            "gain": 2.5118364016118147,
            "left": {
                "fid": 3,
                "split_point": 896.681009716067,
                "gain": 3.7583942417358616,
                "left": {
                    "fid": 3,
                    "split_point": 860.8921396434523,
                    "gain": 3.533585582278093,
                    "left": -0.16949709253340622,
                    "right": -1.3051582173332357
                },
                "right": {
                    "fid": 1,
                    "split_point": 44.07151081188169,
                    "gain": 2.5729404496711052,
                    "left": 2.7159281375696653,
                    "right": 0.3111476605896237
                }
            },
            "right": {
                "fid": 0,
                "split_point": 38.91040436490682,
                "gain": 0.0,
                "left": {
                    "fid": 0,
                    "split_point": 30.453397094088544,
                    "gain": 0.0,
                    "left": -1.7493206918159871,
                    "right": -1.7493206918159871
                },
                "right": {
                    "fid": 0,
                    "split_point": 60.311146148129495,
                    "gain": 0.0,
                    "left": -1.7493206918159871,
                    "right": -1.7493206918159871
                }
            }
        },
        {
            "fid": 0,
            "split_point": 20.796438899587166,
            "gain": 2.481432500132279,
            "left": {
                "fid": 3,
                "split_point": 544.3879177899613,
                "gain": 3.3457452254939946,
                "left": {
                    "fid": 0,