{
    "n_estimators": 10,
    "max_depth": 3,
    "learning_rate": 0.3,
    "prune_gamma": 0.0,
    "reg_lambda": 0.0,
    "base_score": 0.5,
    "models": [
        {
            "fid": 1,
            "split_point": 42.45979450648264,
            "gain": 5.6964907483365295,
            "left": {
                "fid": 0,
                "split_point": 77.2908761697791,
                "gain": 3.4861660079051404,
                "left": {
                    "fid": 0,
                    "split_point": 66.96018651141299,
                    "gain": 0.8181818181818166,
                    "left": -2.0,
                    "right": -1.0
                },
                "right": 2.0
            },
            "right": {
                "fid": 1,
                "split_point": 51.958209995622994,
                "gain": 6.302975520044825,
                "left": {
                    "fid": 0,
                    "split_point": 57.76090118243979,
                    "gain": 5.349012358358153,
                    "left": 0.15384615384615385,
                    "right": -0.7619047619047619
                },
                "right": {
                    "fid": 3,
                    "split_point": 892.9813527070648,
                    "gain": 5.441738504515932,
                    "left": -0.6746987951807228,
                    "right": -1.4736842105263157
                }
            }
        },
        {
            "fid": 0,
            "split_point": 77.77612862355609,
            "gain": 4.13194381983762,
            "left": {
                "fid": 3,
                "split_point": 959.8862721064884,
                "gain": 4.03760790272198,
                "left": {
                    "fid": 2,
                    "split_point": 19.503230674969693,
                    "gain": 4.624300707550056,
                    "left": -0.8299042691413924,
                    "right": -0.3069236384906385
                },
                "right": {
                    "fid": 2,
                    "split_point": 15.774665056530985,
                    "gain": 3.5481742446633042,
                    "left": 2.555979519131828,
                    "right": -1.3794310577741287
                }
            },
            "right": {
                "fid": 0,
                "split_point": 79.16635424907422,
                "gain": 1.9008154100988008,
                "left": {
                    "fid": 3,
                    "split_point": 909.8790482840037,
                    "gain": 0.011942382011969954,
                    "left": -1.8132533634925097,
                    "right": -1.6426819811599824
                },
                "right": {
                    "fid": 0,
                    "split_point": 79.30822360114342,
                    "gain": 2.5658976708481878,
                    "left": 0.8773128697901859,
                    "right": -1.7602041609161008
                }
            }
        },
        {
            "fid": 1,
            "split_point": 42.45979450648264,
            "gain": 3.7201915384570743,
            "left": {
                "fid": 0,
                "split_point": 77.2908761697791,
                "gain": 1.9031929677987698,
                "left": {
                    "fid": 0,
                    "split_point": 66.96018651141299,
                    "gain": 0.701196473919266,
                    "left": -1.4967116305147448,
                    "right": -0.5353341454819095
                },
                "right": 1.6017441593622994
            },
            "right": {
                "fid": 0,
                "split_point": 21.97453120405858,
                "gain": 3.509582230600776,
                "left": {
                    "fid": 1,
                    "split_point": 55.31405062103575,
                    "gain": 4.190931758638348,
                    "left": 1.638442144663058,
                    "right": -0.36642339461290685
                },
                "right": {
                    "fid": 0,
                    "split_point": 26.05702032500651,
                    "gain": 5.561704681818242,
                    "left": -1.0236932390028308,
                    "right": -0.27320993786797526
                }
            }
        },
        {
            "fid": 0,
            "split_point": 77.77612862355609,
            "gain": 2.8505917551909965,
            "left": {
                "fid": 0,
                "split_point": 66.606796300083,
                "gain": 3.3119263946484745,
                "left": {
                    "fid": 0,
                    "split_point": 60.502484537579626,
                    "gain": 4.016673859913002,
                    "left": -0.22890464486389148,
                    "right": -0.8608897312122525
                },
                "right": {
                    "fid": 3,
                    "split_point": 229.22126669034247,
                    "gain": 8.18793398647878,
                    "left": 1.359991983192284,
                    "right": -0.1744849768479965
                }
            },
            "right": {
                "fid": 0,
                "split_point": 79.16635424907422,
                "gain": 1.261661701747026,
                "left": {
                    "fid": 3,
                    "split_point": 909.8790482840037,
                    "gain": 0.001810756820949777,
                    "left": -1.4349064438862646,
                    "right": -1.361724343647946
                },
                "right": {
                    "fid": 0,
                    "split_point": 79.18550968942336,
                    "gain": 1.5942329265351853,
                    "left": 2.0214046205647658,
                    "right": -0.772190293528113
                }
            }
        },
        {
            "fid": 2,
            "split_point": 39.82595560979265,
            "gain": 3.0200539469832663,
            "left": {
                "fid": 1,
                "split_point": 42.45979450648264,
                "gain": 2.943314462617489,
                "left": {
                    "fid": 0,
                    "split_point": 77.2908761697791,
                    "gain": 1.2010564951435043,
                    "left": -1.1044567648722052,
                    "right": 1.3921539984274156
                },
                "right": {
                    "fid": 1,
                    "split_point": 45.86622808996263,
                    "gain": 3.2726634661662843,
                    "left": 0.5158328495767529,
                    "right": -0.1824967318850709
                }
            },
            "right": {
                "fid": 1,
                "split_point": 51.62701808192308,
                "gain": 0.021332342029711793,
                "left": {
                    "fid": 0,
                    "split_point": 50.709173432990276,
                    "gain": 0.0042045619876409646,
                    "left": -1.8215539918154897,
                    "right": -2.0054006245570215
                },
                "right": {
                    "fid": 1,
                    "split_point": 64.25491147486572,
                    "gain": 1.7691103647576867e-05,
                    "left": -1.6512932974499037,
                    "right": -1.6407466737581187
                }
            }
        },
        {
            "fid": 3,
            "split_point": 959.8862721064884,
            "gain": 2.716945447034444,
            "left": {
                "fid": 3,
                "split_point": 934.3955639240917,
                "gain": 2.900143701831251,
                "left": {
                    "fid": 3,
                    "split_point": 857.7694538568417,
                    "gain": 3.6970309066304,